#,Question
1,Think about Ava Gray’s experiences...
2,Provide a chronological list of all dates when Thomas Nelson was observed...
3,Reflect on events related to Film Festival...
4,Reflect on events related to Book Signing Event...
5,Consider all events involving TED Talk...
6,Reflect on events related to Tech Hackathon...
7,What is the most recent location where Ava Gray was observed...
8,List all locations visited by Owen Rodriguez...
9,Recall all events related to Film Festival...
10,Think about Ava Gray’s experiences (repeat)...
11,Reflect on events related to Improv Comedy Show...
12,Recall all events related to Improv Comedy Show...
13,Consider all events involving Knitting Circle...
14,Consider all events involving Improv Comedy Show...
15,List all locations visited by Thomas Nelson...
16,Most recent location where Owen Rodriguez was observed...
17,Reflect on events related to Film Festival (repeat)...
18,Consider Improv Comedy Show...
19,Reflect on Drum Circle...
20,Reflect on Fashion Show...
21,Recall all events related to Tech Hackathon...
22,Reflect on Knitting Circle...
23,Recall all events related to Knitting Circle...
24,Reflect on experiences of Benjamin Green...
25,Consider all events involving Drum Circle...
26,Consider all events that Daniel Lopez...
27,Consider all events involving Improv Comedy Show (repeat)...
28,Recall all events related to Improv Comedy Show (repeat)...
29,Reflect on events related to Lantern Festival...
30,Consider all events involving Film Festival...
31,Consider all events involving both Brooklyn Ross and Drum Circle...
32,Consider all events involving Improv Comedy Show (repeat)...
33,Consider all events involving Knitting Circle...
34,Recall all events related to Improv Comedy Show (repeat)...
35,Recall all events related to Business Networking Event...
36,What brief tension arose between Ava and Julian during the mid-journey pause in the early travel segment?
37,List all short travel stops mentioned during the early transition sequence of the journey.
38,Identify all people who joined the small informal gathering during the minor intermission scene.
39,Which character shows a noticeable behavioral shift during the quiet transitional moment?
40,"Recall the set of quick, one-line events that occurred during the short narrative bridge."
