Unnamed: 0,Question
1,Repeat the list replacing every “banana” with “pear”.
2,Add 5 to every number in the list.
3,Compare two lists and identify which word is different.
4,Identify which group contains an inconsistent element.
5,Predict the next word based on repeating color pattern.
6,Check if “Daniel” appears before “Olivia” in the list.
7,Determine the final result after numeric operations.
8,Determine final items held by an agent after actions.
9,List last city mentioned for each day in a timeline.
10,List final items each role holds after exchanges.
11,Update Ava Gray’s event list after replacements/removals.
12,Identify which travel group Thomas completed first.
13,Identify new performer added between Day 1 and Day 2 lists.
14,List final items of each Knitting Circle role.
15,Determine last day each Hackathon participant appeared.
16,Reflect all updates to show final group members.
17,Determine if Ava’s Book Signing occurred before Film Festival.
18,List final attendees after daily updates to event.
19,Identify participant who submitted in early and final phases.
20,Order Ava Gray’s city visits and identify second stop.
21,Update Thomas Nelson’s planned events with new data.
22,List final Improv Comedy Show participants after updates.
23,Arrange presenters chronologically by event date.
24,Identify who was newly added in List 2 vs List 1.
25,Provide Benjamin’s final travel order after diary updates.
26,Identify people who attended both Film Festival and Signing.
27,List members of Knitting Circle and Fashion Show after updates.
28,Chronologically order events and find same-city attendees.
29,Determine the final order of Julian’s collected travel notes after all interim adjustments.
30,Identify which brief layover location was removed during itinerary revisions.
31,List all compact items referenced during the portable-gear check at the rest stop.
32,Determine Chloe’s final seating assignment after several seat rearrangements during travel.
33,Track the total number of travel tokens collected by attendees during the early journey.
34,Which small detail from the travel diary contradicts the later summarized route?
35,Identify which journey path was replaced with an alternate route in the updated plan.
36,List all minor descriptive elements visible around the resting checkpoint and categorize them.
37,Determine the last small detour taken before the transition to the main route.
38,Identify which short personal break taken by Ava does not reappear later in the travel log.
39,Summarize the fragmented travel descriptions to reconstruct Ava’s intended route.
40,Which descriptive phrase during the luggage-check moment caused Zoe to become concerned?
