row_key,q_idx,combined_q_idx,question,correct_answer,answer,status,error,latency_sec
combined_q_idx:0,27,0,"Story recall-and-edit: For query ""Consider all events involving both Mila Gonzalez and bridge collapse at Amman Governorate. Provide a list of all dates when these events occurred, without describing the events."", return an empty answer.",set(),[],ok,,1.262
combined_q_idx:1,32,1,What was Benjamin Green doing the last time they were observed in the story's timeline?,['volcanic eruption'],Benjamin Green was frozen between fear.,ok,,1.038
combined_q_idx:2,27,2,"Story composite task: Use two story queries.
A) Consider all events involving both Sofia Ramos and mass shooting at Andalusia. Provide a list of all dates when these events occurred, without describing the events.
B) Consider all events involving both Julian Ross and flash flood emergency at Buenos Aires Province. Provide a list of all dates when these events occurred, without describing the events.
Take answer(A), remove all items that also appear in answer(B), then return the remaining items sorted alphabetically.",[],"A) Events involving both Sofia Ramos and mass shooting at Andalusia:
No information about Sofia Ramos is found in the context. However, there is no mention of a mass shooting at Andalusia either.

B) Events involving both Julian Ross and flash flood emergency at Buenos Aires Province:
- May 14, 2025

Since there is only one common date between the two queries, the",ok,,4.221
combined_q_idx:3,11,3,"Story recall-and-edit: For query ""Reflect on events related to airport shutdown. Provide a list of all protagonists involved in these events, without describing the events."", return an empty answer.",set(),[],ok,,0.755
combined_q_idx:4,22,4,"Consider all events involving both Samuel Parker and bridge collapse. Provide a list of all dates when these events occurred, without describing the events.","{'October 12, 2024', 'September 27, 2025'}","February 27, 2026",ok,,0.951
combined_q_idx:5,27,5,"Consider all events involving both Carter Stewart and bridge collapse at Buenos Aires Province. Provide a list of all dates when these events occurred, without describing the events.","{'January 03, 2026'}","January 03, 2026",ok,,0.9
combined_q_idx:6,18,6,"Story recall-and-edit: Start from the answer to this story query: ""Consider all events involving Levi Rodriguez at Nairobi County. Provide a list of all dates when these events occurred, without describing the events."". Remove ""July 25, 2024"" from the answer. Return only the remaining items.","{'May 28, 2025'}","May 28, 2025",ok,,1.032
combined_q_idx:7,16,7,"Story match-and-compare: Compare answers of these two story queries and list only shared items.
A) Recall the events related to fishing fleet loss that occurred on June 14, 2025. List all the locations where these events took place, without describing the events themselves.
B) Recall the events related to residential tower fire that occurred on February 27, 2026. List all the locations where these events took place, without describing the events themselves.
Return the intersection.",set(),"A) Locations where fishing fleet loss events took place:
- 

B) Locations where residential tower fire events took place:
- 

Intersection:
-",ok,,2.104
combined_q_idx:8,25,8,"Story stateful-processing: For this story query, return only the latest chapter index from supporting chapters.
Query: Think about the events related to water supply contamination that occurred at Minas Gerais on April 09, 2026. List all protagonists involved in these events, without describing the events themselves.",0,"1, 4, 45, 46, 47, 48",ok,,1.132
combined_q_idx:9,26,9,"Story spot-the-differences: Compare answers of these two story queries.
A) Consider the events involving both Levi Rodriguez and factory explosion on December 26, 2026. List all the locations where these events took place, without describing the events themselves.
B) Story composite task: Use two story queries.
A) Consider the events involving both Lily Nguyen and water supply contamination on April 09, 2026. List all the locations where these events took place, without describing the events themselves.
B) Consider the events involving both Lily Nguyen and residential tower fire on April 09, 2026. List all the locations where these events took place, without describing the events themselves.
Take answer(A), remove all items that also appear in answer(B), then return the remaining items sorted alphabetically.
Return only_in_A and only_in_B.","{""only_in_A"": [""Vermont""], ""only_in_B"": []}","To answer the question, we need to compare the story spot-the-differences for two sets of queries.

First, let's find the answers to the two story queries:

A) Consider the events involving both Levi Rodriguez and factory explosion on December 26, 2026. List all the locations where these events took place, without describing the events themselves.
From the retrieved context, we can see that",ok,,4.452
combined_q_idx:10,17,10,"Story compute-on-lists: For this story query answer, sort all returned items in ascending alphabetical order.
Query: Think about the events involving bridge collapse on February 27, 2026. Provide a list of all protagonists involved in these events, without describing the events.","[""Jackson Ramos"", ""Mila Gonzalez""]","February 27, 2026, bridge collapse: 
- Jackson 
- Noah",ok,,1.542
combined_q_idx:11,25,11,"Story composite task: Use two story queries.
A) Think about the events related to factory explosion that occurred at Greater Mumbai on April 09, 2026. List all protagonists involved in these events, without describing the events themselves.
B) Story spot-the-differences: Compare answers of these two story queries.
A) Think about the events related to flash flood emergency that occurred at Ontario on December 03, 2026. List all protagonists involved in these events, without describing the events themselves.
B) Think about the events related to factory explosion that occurred at Greater Mumbai on April 09, 2026. List all protagonists involved in these events, without describing the events themselves.
Return only_in_A and only_in_B.
Take answer(A), remove all items that also appear in answer(B), then return the remaining items sorted alphabetically.","[""Scarlett Thomas""]","A) Think about the events related to factory explosion that occurred at Greater Mumbai on April 09, 2026. List all protagonists involved in these events, without describing the events themselves.
There is no information about a factory explosion at Greater Mumbai on April 09, 2026, in the retrieved context.

A) Think about the events related to flash flood emergency that occurred at Ontario on December",ok,,4.437
combined_q_idx:12,11,12,"Story spot-the-differences: Compare answers of these two story queries.
A) Reflect on events related to nuclear plant meltdown. Provide a list of all protagonists involved in these events, without describing the events.
B) Story match-and-compare: Compare answers of these two story queries and list only shared items.
A) Reflect on events related to air quality emergency. Provide a list of all protagonists involved in these events, without describing the events.
B) Story spot-the-differences: Compare answers of these two story queries.
A) Recall all events related to air quality emergency. Provide a list of all dates when these events occurred, without describing the events.
B) Reflect on events related to magnitude 9.0 earthquake. Provide a list of all protagonists involved in these events, without describing the events.
Return only_in_A and only_in_B.
Return the intersection.
Return only_in_A and only_in_B.","{""only_in_A"": [""Henry Reed"", ""Zoe Brown""], ""only_in_B"": []}","To answer the question, we need to compare the results of the two story queries.

First, let's find the intersection of the two queries.

A) Reflect on events related to nuclear plant meltdown. Provide a list of all protagonists involved in these events, without describing the events.
B) Story match-and-compare: Compare answers of these two story queries and list only shared items.

Since there is",ok,,4.324
combined_q_idx:13,15,13,"Story compute-on-lists: For this story query answer, sort all returned items in ascending alphabetical order.
Query: Reflect on what Lily Nguyen experienced on April 09, 2026. Describe all the key events they were involved in, focusing on what happened rather than where it occurred.","[""residential tower fire""]",There is no information about Lily Nguyen in the retrieved context.,ok,,1.365
combined_q_idx:14,4,14,"Story match-and-compare: Compare answers of these two story queries and list only shared items.
A) Consider the location Dodoma Region. List all protagonists that have been involved in any events at this location, without mentioning the events themselves.
B) Consider the location Bagmati Province. List all protagonists that have been involved in any events at this location, without mentioning the events themselves.
Return the intersection.",set(),"A) Dodoma Region: 
- Julian Ross

B) Bagmati Province: 
- Shoppers 

Intersection: 
- None",ok,,1.628
combined_q_idx:15,23,15,"Story match-and-compare: Compare answers of these two story queries and list only shared items.
A) Reflect on the experiences of Julian Ross related to volcanic eruption. List all the unique locations where these events took place, without mentioning the events themselves.
B) Story stateful-processing: For this story query, return only the latest chapter index from supporting chapters.
Query: Reflect on the experiences of Brooklyn Ross related to factory explosion. List all the unique locations where these events took place, without mentioning the events themselves.
Return the intersection.",set(),"There is no mention of Brooklyn Ross in the context. The context mentions Julian Ross. 

However, since the query asks for the intersection, and there is no common location between the two queries, the answer is:

None",ok,,2.434
combined_q_idx:16,13,16,"Story recall-and-edit: Start from the answer to this story query: ""Recall the key events that occurred at Greater Mumbai on April 09, 2026. Describe what happened, focusing on the actions or occurrences rather than who was involved."". Remove ""factory explosion"" from the answer. Return only the remaining items.",set(),"Greater Mumbai, on the day in question, witnessed a sequence of events that unfolded as follows: 

- The fire's intensity quickly drew crowds.
- The chaos was overwhelming for many.
- Debris rained down—splintered wood, shards of glass, and fragments of metal.
- A deafening roar ripped through the sky as the factory's north wing erupted in a violent explosion, pl",ok,,4.049
combined_q_idx:17,3,17,"Story match-and-compare: Compare answers of these two story queries and list only shared items.
A) Think about all events that have occurred at Alberta. Provide a list of all dates when these events took place, without describing the events.
B) Story match-and-compare: Compare answers of these two story queries and list only shared items.
A) Recall the various events that have taken place at North Dakota. Describe what happened during these events, focusing on the actions or occurrences rather than the timing or people involved.
B) Think about all events that have occurred at Alberta. Provide a list of all dates when these events took place, without describing the events.
Return the intersection.
Return the intersection.",set(),"Based on the retrieved context, the intersection of the two story queries is:

* Events that have occurred at Alberta: 
  1. October 13, 2024",ok,,2.097
combined_q_idx:18,4,18,"Story stateful-processing: For this story query, return only the latest chapter index from supporting chapters.
Query: Consider the location Luzon Region. List all protagonists that have been involved in any events at this location, without mentioning the events themselves.",49,"Based on the retrieved context, I can see that there is no information about the Luzon Region or the protagonists involved in events at this location. Therefore, I will return a minimal answer.

FINAL ANSWER: None",ok,,1.998
combined_q_idx:19,16,19,"Story recall-and-edit: Start from the answer to this story query: ""Recall the events related to factory explosion that occurred on December 26, 2026. List all the locations where these events took place, without describing the events themselves."". Remove ""Luzon Region"" from that answer. Return only the remaining items.",{'Vermont'},"December 26, 2026. 

Locations: 
1. The factory 
2. Nearby brick warehouses",ok,,1.562
combined_q_idx:20,28,20,"Recall what happened involving Scarlett Thomas and factory explosion at Greater Mumbai on April 09, 2026 and list only who else was involved (if anyone).",set(),"There is no information in the retrieved context about a factory explosion involving Scarlett Thomas on April 09, 2026.",ok,,1.794
combined_q_idx:21,23,21,"Story stateful-processing: For this story query, return only the latest chapter index from supporting chapters.
Query: Reflect on the experiences of Brooklyn Ross related to factory explosion. List all the unique locations where these events took place, without mentioning the events themselves.",0,"Based on the retrieved context, the latest chapter index related to the factory explosion is Chapter 49. 

However, since the query asks for the unique locations where the events took place, I will look for any mention of locations in the context. 

The only mention of a location is ""just across the safety buffer"" in Chapter 49, Paragraph 340. 

Since there is only one location",ok,,3.559
combined_q_idx:22,1,22,"Story recall-and-edit: Start from the answer to this story query: ""Consider all events that happened on December 03, 2026. Provide a list of all protagonists involved in any of these events, without describing the events themselves."". Remove ""Ezra Edwards"" from the answer. Return only the remaining items.",set(),Noah,ok,,0.517
combined_q_idx:23,27,23,"Story match-and-compare: Compare answers of these two story queries and list only shared items.
A) Consider all events involving both Julian Ross and flash flood emergency at Buenos Aires Province. Provide a list of all dates when these events occurred, without describing the events.
B) Consider all events involving both Samuel Parker and flash flood emergency at Auckland Region. Provide a list of all dates when these events occurred, without describing the events.
Return the intersection.",set(),"A) There are no events involving both Julian Ross and flash flood emergency at Auckland Region. However, there is an event involving Julian Ross and flash flood emergency at Buenos Aires Province on May 14, 2025.

B) There are no events involving Samuel Parker and flash flood emergency at Auckland Region.

Since there are no shared items between the two queries, the intersection is an empty set.",ok,,3.989
combined_q_idx:24,18,24,"Story compute-on-lists: For this story query answer, sort all returned items in ascending alphabetical order.
Query: Consider all events involving Samuel Parker at Auckland Region. Provide a list of all dates when these events occurred, without describing the events.",[],"May 11, 2026, September 27, 2025",ok,,1.189
combined_q_idx:25,30,25,What is the most recent date Logan Diaz was observed or mentioned in the story's chronology?,"['March 23, 2024']","February 27, 2026.",ok,,0.806
combined_q_idx:26,26,26,"Story match-and-compare: Compare answers of these two story queries and list only shared items.
A) Consider the events involving both Noah Williams and fishing fleet loss on April 09, 2026. List all the locations where these events took place, without describing the events themselves.
B) Consider the events involving both Chloe Castillo and wind farm destruction on April 09, 2026. List all the locations where these events took place, without describing the events themselves.
Return the intersection.",set(),"A) Locations where Noah Williams and fishing fleet loss on April 09, 2026, took place:
- Sichuan Province

B) Locations where Chloe Castillo and wind farm destruction on April 09, 2026, took place:
- None (Chloe Castillo is not mentioned in the context, and wind farm destruction occurred on October 13, 2024)

Intersection:
-",ok,,3.995
combined_q_idx:27,28,27,"Recall what happened involving Chloe Castillo and wind farm destruction at Nairobi County on April 09, 2026 and list only who else was involved (if anyone).",set(),"There is no information about Chloe Castillo and wind farm destruction at Nairobi County on April 09, 2026.",ok,,1.596
combined_q_idx:28,9,28,"Story spot-the-differences: Compare answers of these two story queries.
A) Recall all events related to air quality emergency. Provide a list of all dates when these events occurred, without describing the events.
B) Reflect on events related to magnitude 9.0 earthquake. Provide a list of all protagonists involved in these events, without describing the events.
Return only_in_A and only_in_B.","{""only_in_A"": [""September 03, 2026""], ""only_in_B"": [""Carter Stewart"", ""Levi Rodriguez""]}","A) October 13, 2024.

B) Zoe Brown, Julian Ross",ok,,1.245
combined_q_idx:29,26,29,"Story composite task: Use two story queries.
A) Consider the events involving both Lily Nguyen and water supply contamination on April 09, 2026. List all the locations where these events took place, without describing the events themselves.
B) Consider the events involving both Lily Nguyen and residential tower fire on April 09, 2026. List all the locations where these events took place, without describing the events themselves.
Take answer(A), remove all items that also appear in answer(B), then return the remaining items sorted alphabetically.",[],"A) There is no mention of Lily Nguyen in the context. However, there is a mention of Zoe Brown and Julian Ross, but no Lily Nguyen. 

B) There is no mention of Lily Nguyen in the context. However, there is a mention of Zoe Brown and Julian Ross, but no Lily Nguyen.

Since there is no mention of Lily Nguyen in the context, we will consider the query",ok,,4.045
combined_q_idx:30,11,30,"Story recall-and-edit: Start from the answer to this story query: ""Reflect on events related to produce contamination outbreak. Provide a list of all protagonists involved in these events, without describing the events."". Remove ""Lillian Mendoza"" from the answer. Return only the remaining items.",{'Zoe Brown'},"Zoe Brown, Henry Reed",ok,,0.932
combined_q_idx:31,19,31,"Story stateful-processing: For this story query, return only the latest chapter index from supporting chapters.
Query: Reflect on Carter Stewart's experiences at Buenos Aires Province. Describe all the key events they've been involved in at this location, focusing on what happened rather than when it occurred.",30,There is no chapter index information in the retrieved context that corresponds to the query about Carter Stewart's experiences at Buenos Aires Province.,ok,,1.309
combined_q_idx:32,16,32,"Story stateful-processing: For this story query, return only the latest chapter index from supporting chapters.
Query: Recall the events related to wind farm destruction that occurred on April 09, 2026. List all the locations where these events took place, without describing the events themselves.",0,"There is no information about a wind farm destruction on April 09, 2026. However, there is a record of a wind farm destruction on October 13, 2024.

Locations where wind farm destruction took place: 
1.",ok,,2.515
combined_q_idx:33,16,33,"Story composite task: Use two story queries.
A) Recall the events related to residential tower fire that occurred on February 27, 2026. List all the locations where these events took place, without describing the events themselves.
B) Story stateful-processing: For this story query, return only the latest chapter index from supporting chapters.
Query: Recall the events related to wind farm destruction that occurred on April 09, 2026. List all the locations where these events took place, without describing the events themselves.
Take answer(A), remove all items that also appear in answer(B), then return the remaining items sorted alphabetically.","[""Rajasthan""]","A) 
- Buenos Aires Province

B) 
- 

Since answer(A) and answer(B) have no common items, the remaining items after removing common items are:
- Buenos Aires Province",ok,,2.38
combined_q_idx:34,29,34,"Provide a comprehensive account of what happened involving Lily Nguyen and residential tower fire at Minas Gerais on April 09, 2026. Include all relevant details about the event(s), including what occurred and any other pertinent information.",{'Full chapter 23'},"There is no mention of Lily Nguyen in the retrieved context. However, there is a mention of a residential tower fire at Minas Gerais on April 09, 2026.

[Chapter 23, Paragraph 162]
(i) By 04:37 local time, emergency crews had reached the scene in , but the fire’s origin in the upper residential tower was still under investigation. The",ok,,4.188
combined_q_idx:35,21,35,"Story composite task: Use two story queries.
A) Think about the events involving flash flood emergency at Buenos Aires Province. List all protagonists involved in these events, without mentioning the events themselves.
B) Recall all events related to flash flood emergency that occurred at Auckland Region. Provide a list of all dates when these events took place, without describing the events.
Take answer(A), remove all items that also appear in answer(B), then return the remaining items sorted alphabetically.","[""Julian Ross""]","A) Think about the events involving flash flood emergency at Buenos Aires Province. List all protagonists involved in these events, without mentioning the events themselves.
- Julian Ross

B) Recall all events related to flash flood emergency that occurred at Auckland Region. Provide a list of all dates when these events took place, without describing the events.
- No events were found at Auckland Region.

Since there are no common",ok,,4.217
combined_q_idx:36,20,36,"Story compute-on-lists: For this story query answer, sort all returned items in ascending alphabetical order.
Query: Recall all events related to flash flood emergency that occurred at Auckland Region. Provide a list of all dates when these events took place, without describing the events.",[],No events related to flash flood emergency occurred at Auckland Region.,ok,,1.146
combined_q_idx:37,15,37,"Story compute-on-lists: For this story query answer, sort all returned items in ascending alphabetical order.
Query: Reflect on what Scarlett Thomas experienced on April 09, 2026. Describe all the key events they were involved in, focusing on what happened rather than where it occurred.","[""factory explosion""]","April 09, 2026 is not mentioned in the context. However, based on the context, Scarlett Thomas witnessed a political assassination on June 14, 2025.

Since the query asks for a list, I will return the key events Scarlett Thomas was involved in, focusing on what happened rather than where it occurred. Here is the sorted list in ascending alphabetical order:

- Blood blooming",ok,,3.99
combined_q_idx:38,4,38,"Story recall-and-edit: Start from the answer to this story query: ""Consider the location Antioquia Department. List all protagonists that have been involved in any events at this location, without mentioning the events themselves."". Remove ""Henry Reed"" from the answer. Return only the remaining items.",set(),Julian Ross,ok,,0.626
combined_q_idx:39,28,39,"Recall what happened involving Ezra Edwards and flash flood emergency at Ontario on December 03, 2026 and list only who else was involved (if anyone).",set(),"Ezra Edwards was among the first to notice the sudden darkening of the sky as heavy rain lashed the usually tranquil streets near the riverbanks. 

No one else was involved.",ok,,2.347
combined_q_idx:40,24,40,"Story composite task: Use two story queries.
A) Recall what happened involving Ezra Edwards at Ontario on December 03, 2026. Describe the key events or activities that occurred, focusing on what happened.
B) Recall what happened involving Scarlett Thomas at Greater Mumbai on April 09, 2026. Describe the key events or activities that occurred, focusing on what happened.
Take answer(A), remove all items that also appear in answer(B), then return the remaining items sorted alphabetically.","[""flash flood emergency""]","A) There is no information about Ezra Edwards in the retrieved context.

B) There is no information about Scarlett Thomas in the retrieved context.

Since there is no information about Ezra Edwards and Scarlett Thomas, I will return the best minimal answer without explanation.

However, I can provide the list of items that appear in both answers, which is empty.",ok,,3.62
combined_q_idx:41,32,41,What was Levi Rodriguez doing the last time they were observed in the story's timeline?,['factory explosion'],helping direct others away from the most unstable areas,ok,,1.142
combined_q_idx:42,18,42,"Story recall-and-edit: For query ""Consider all events involving Ella Ross at Alberta. Provide a list of all dates when these events occurred, without describing the events."", return an empty answer.",set(),[],ok,,0.562
combined_q_idx:43,35,43,"Enumerate all activities that Ellie Garcia has been involved in, ordered from earliest to latest in the story's chronology.",set(),"Based on the retrieved context, there is no information about Ellie Garcia's activities.",ok,,0.914
combined_q_idx:44,12,44,"Think about what happened at Ontario on December 03, 2026. List all protagonists involved in any events at this time and place, without describing the events.",{'Ezra Edwards'},Ezra Edwards,ok,,0.675
combined_q_idx:45,18,45,"Story recall-and-edit: Start from the answer to this story query: ""Consider all events involving Julian Ross at Buenos Aires Province. Provide a list of all dates when these events occurred, without describing the events."". Remove ""May 14, 2025"" from the answer. Return only the remaining items.",set(),"January 03, 2026, 
October 13, 2024",ok,,1.198
combined_q_idx:46,14,46,"Story spot-the-differences: Compare answers of these two story queries.
A) Consider the events involving Ezra Edwards on December 03, 2026. List all the locations where these events took place, without describing the events themselves.
B) Reflect on what Scarlett Thomas experienced on April 09, 2026. Describe all the key events they were involved in, focusing on what happened rather than where it occurred.
Return only_in_A and only_in_B.","{""only_in_A"": [""Ontario""], ""only_in_B"": [""factory explosion""]}","A) 
- No events involving Ezra Edwards on December 03, 2026, were found in the context.

B) 
- Witnessed a political assassination.",ok,,2.005
combined_q_idx:47,26,47,"Consider the events involving both Chloe Castillo and wind farm destruction on April 09, 2026. List all the locations where these events took place, without describing the events themselves.",set(),[],ok,,0.561
combined_q_idx:48,20,48,"Story spot-the-differences: Compare answers of these two story queries.
A) Recall all events related to airport customs breach that occurred at Auckland Region. Provide a list of all dates when these events took place, without describing the events.
B) Story recall-and-edit: For query ""Think about the events involving flash flood emergency at Auckland Region. List all protagonists involved in these events, without mentioning the events themselves."", return an empty answer.
Return only_in_A and only_in_B.","{""only_in_A"": [], ""only_in_B"": []}","A) [May 11, 2026]

B) []",ok,,1.232
combined_q_idx:49,3,49,"Story stateful-processing: For this story query, return only the latest chapter index from supporting chapters.
Query: Think about all events that have occurred at Maharashtra. Provide a list of all dates when these events took place, without describing the events.",45,"June 14, 2025",ok,,0.99
combined_q_idx:50,26,50,"Story spot-the-difference: Compare the answers to these two story queries and list differences.
A) Consider the events involving both Benjamin Green and volcanic eruption on April 09, 2026. List all the locations where these events took place, without describing the events themselves.
B) Consider all events involving Levi Rodriguez at Nairobi County. Provide a list of all dates when these events occurred, without describing the events.
Return two lists: only_in_A and only_in_B.","{""only_in_A"": [""Nairobi County""], ""only_in_B"": [""July 25, 2024"", ""May 28, 2025""]}","only_in_A: 
['Nairobi County']

only_in_B: 
['May 28, 2025']",ok,,1.751
combined_q_idx:51,1,51,"Story compute-on-lists: For this story query answer, sort all returned items in ascending alphabetical order.
Query: Consider all events that happened on January 26, 2025. Provide a list of all protagonists involved in any of these events, without describing the events themselves.","[""Zoe Brown""]","January 26, 2025. 

List of protagonists involved in any of these events:
- Zoe Brown",ok,,1.364
combined_q_idx:52,25,52,"Think about the events related to political assassination that occurred at Maharashtra on August 12, 2025. List all protagonists involved in these events, without describing the events themselves.",set(),[],ok,,0.823
combined_q_idx:53,19,53,"Story composite task: Use two story queries.
A) Reflect on Layla Peterson's experiences at Auckland Region. Describe all the key events they've been involved in at this location, focusing on what happened rather than when it occurred.
B) Reflect on Carter Stewart's experiences at Buenos Aires Province. Describe all the key events they've been involved in at this location, focusing on what happened rather than when it occurred.
Take answer(A), remove all items that also appear in answer(B), then return the remaining items sorted alphabetically.",[],"A) Reflect on Layla Peterson's experiences at Auckland Region. Describe all the key events they've been involved in at this location, focusing on what happened rather than when it occurred.

Insufficient context for Layla Peterson. 

B) Reflect on Carter Stewart's experiences at Buenos Aires Province. Describe all the key events they've been involved in at this location, focusing on what happened rather than when",ok,,4.114
combined_q_idx:54,16,54,"Story spot-the-differences: Compare answers of these two story queries.
A) Recall the events related to political assassination that occurred on August 12, 2025. List all the locations where these events took place, without describing the events themselves.
B) Story recall-and-edit: Start from the answer to this story query: ""Recall the events related to volcanic eruption that occurred on March 23, 2024. List all the locations where these events took place, without describing the events themselves."". Remove ""Buenos Aires Province"" from that answer. Return only the remaining items.
Return only_in_A and only_in_B.","{""only_in_A"": [], ""only_in_B"": [""Kampong Cham Province""]}","A) 
[]

B) 
[]",ok,,1.076
combined_q_idx:55,14,55,"Consider the events involving Lily Nguyen on April 09, 2026. List all the locations where these events took place, without describing the events themselves.",{'Minas Gerais'},[],ok,,0.534
combined_q_idx:56,22,56,"Story composite task: Use two story queries.
A) Consider all events involving both Brooklyn Ross and factory explosion. Provide a list of all dates when these events occurred, without describing the events.
B) Story spot-the-differences: Compare answers of these two story queries.
A) Consider all events involving both Henry Reed and toxic waste spill. Provide a list of all dates when these events occurred, without describing the events.
B) Consider all events involving both Brooklyn Ross and police force strike. Provide a list of all dates when these events occurred, without describing the events.
Return only_in_A and only_in_B.
Take answer(A), remove all items that also appear in answer(B), then return the remaining items sorted alphabetically.",[],"A) Consider all events involving both Brooklyn Ross and factory explosion. Provide a list of all dates when these events occurred, without describing the events.
- Chapter 21, Paragraph 147 (no date mentioned)
- Chapter 46, Paragraph 319 (no date mentioned)
- Chapter 43, Paragraph 298 (no date mentioned)

A) Consider all events involving both Henry Reed and toxic waste",ok,,4.003
combined_q_idx:57,24,57,"Recall what happened involving Scarlett Thomas at Greater Mumbai on April 09, 2026. Describe the key events or activities that occurred, focusing on what happened.",{'factory explosion'},"No information is available about Scarlett Thomas at Greater Mumbai on April 09, 2026.",ok,,1.291
combined_q_idx:58,20,58,"Recall all events related to volcanic eruption that occurred at Nairobi County. Provide a list of all dates when these events took place, without describing the events.","{'July 25, 2024', 'April 09, 2026'}","July 25, 2024, May 31, 2024",ok,,1.162
combined_q_idx:59,24,59,"Recall what happened involving Jaxon Howard at East Java on August 12, 2025. Describe the key events or activities that occurred, focusing on what happened.",set(),There is no mention of Jaxon Howard in the retrieved context.,ok,,1.114
combined_q_idx:60,23,60,"Story stateful-processing: For this story query, return only the latest chapter index from supporting chapters.
Query: Reflect on the experiences of Brooklyn Ross related to volcanic eruption. List all the unique locations where these events took place, without mentioning the events themselves.",0,52,ok,,0.467
combined_q_idx:61,21,61,"Story stateful-processing: For this story query, return only the latest chapter index from supporting chapters.
Query: Think about the events involving residential tower fire at Antioquia Department. List all protagonists involved in these events, without mentioning the events themselves.",37,"Based on the retrieved context, there is no information about the events involving residential tower fire at Antioquia Department or the protagonists involved. 

However, since the query asks for a list of protagonists, I will return a minimal answer based on the available context.

FINAL ANSWER:
[]",ok,,2.623
combined_q_idx:62,1,62,"Consider all events that happened on May 07, 2024. Provide a list of all protagonists involved in any of these events, without describing the events themselves.",{'Zoe Brown'},[],ok,,0.533
combined_q_idx:63,22,63,"Story spot-the-differences: Compare answers of these two story queries.
A) Consider all events involving both Henry Reed and toxic waste spill. Provide a list of all dates when these events occurred, without describing the events.
B) Consider all events involving both Brooklyn Ross and police force strike. Provide a list of all dates when these events occurred, without describing the events.
Return only_in_A and only_in_B.","{""only_in_A"": [""March 23, 2025"", ""May 28, 2025""], ""only_in_B"": [""October 13, 2024""]}","A) May 28, 2025

B) No results found",ok,,1.161
combined_q_idx:64,28,64,"Recall what happened involving Scarlett Thomas and political assassination at Maharashtra on August 12, 2025 and list only who else was involved (if anyone).",set(),"There is no mention of Scarlett Thomas and a political assassination at Maharashtra on August 12, 2025. However, the context mentions Scarlett Thomas witnessing a political assassination at Maharashtra on June 14, 2025.

If you'd like, I can provide the information about the event involving Scarlett Thomas and the political assassination.",ok,,3.247
combined_q_idx:65,26,65,"Consider the events involving both Jaxon Howard and reservoir breach on August 12, 2025. List all the locations where these events took place, without describing the events themselves.",set(),"There is no evidence in the retrieved context about Jaxon Howard and a reservoir breach on August 12, 2025.",ok,,1.547
combined_q_idx:66,13,66,"Recall the key events that occurred at Ontario on December 03, 2026. Describe what happened, focusing on the actions or occurrences rather than who was involved.",{'flash flood emergency'},"The key events that occurred at Ontario on December 03, 2026, were:

- Heavy rain lashed the usually tranquil streets near the riverbanks.
- The air grew thick with the scent of wet earth.
- The sound of rushing wind was heard.
- Puddles formed rapidly on the sidewalk.",ok,,3.152
combined_q_idx:67,27,67,"Story match-and-compare: Compare answers of these two story queries and list only shared items.
A) Consider all events involving both Layla Peterson and airport customs breach at Auckland Region. Provide a list of all dates when these events occurred, without describing the events.
B) Story compute-on-lists: For this story query answer, sort all returned items in ascending alphabetical order.
Query: Consider all events involving both Lillian Mendoza and produce contamination outbreak at Bagmati Province. Provide a list of all dates when these events occurred, without describing the events.
Return the intersection.",set(),"A) Consider all events involving both Layla Peterson and airport customs breach at Auckland Region. Provide a list of all dates when these events occurred, without describing the events.
Retrieved context: No information about Layla Peterson or airport customs breach at Auckland Region.

B) Story compute-on-lists: For this story query answer, sort all returned items in ascending alphabetical order.
Query: Consider all events",ok,,3.975
combined_q_idx:68,34,68,List all locations visited by Bella Alvarez in chronological order according to the story's timeline.,['Dodoma Region'],There is no mention of Bella Alvarez in the retrieved context.,ok,,1.003
combined_q_idx:69,15,69,"Story compute-on-lists: For this story query answer, sort all returned items in ascending alphabetical order.
Query: Reflect on what Noah Williams experienced on April 09, 2026. Describe all the key events they were involved in, focusing on what happened rather than where it occurred.",[],"Based on the retrieved context, the key events that Noah Williams was involved in are:

1. Witnessing the chaotic aftermath of the wind farm destruction on October 13, 2024.
2. Recording the incident on his phone, noting the time and the names of the lost boats.
3. Reporting the event as a witness.

Since the query asks for a sorted list, the final answer is",ok,,3.677
combined_q_idx:70,13,70,"Story spot-the-differences: Compare answers of these two story queries.
A) Recall the key events that occurred at Minas Gerais on April 09, 2026. Describe what happened, focusing on the actions or occurrences rather than who was involved.
B) Recall the key events that occurred at Maharashtra on August 12, 2025. Describe what happened, focusing on the actions or occurrences rather than who was involved.
Return only_in_A and only_in_B.","{""only_in_A"": [""residential tower fire""], ""only_in_B"": []}","A) 
- fire's flames licking at the sides of the structure
- windows glowing like embers
- distant wail of sirens
- crackle of fire

B) 
- catastrophic event unfolding before his eyes
- twisted wreckage
- cloud of acrid smoke
- shattered rails",ok,,3.191
combined_q_idx:71,5,71,"Story match-and-compare: Compare answers of these two story queries and list only shared items.
A) Recall the various events that have taken place at North Dakota. Describe what happened during these events, focusing on the actions or occurrences rather than the timing or people involved.
B) Think about all events that have occurred at Alberta. Provide a list of all dates when these events took place, without describing the events.
Return the intersection.",set(),"North Dakota. 

A) A violent disturbance was reported late Tuesday afternoon near the northern outskirts of North Dakota, as locals and visitors on the ground described an unprecedented natural spectacle unfolding just beyond the horizon.

B) No information is available about events in Alberta.

Since there is no information about Alberta, the intersection is empty.",ok,,3.196
combined_q_idx:72,6,72,"Story stateful-processing: For this story query, return only the latest chapter index from supporting chapters.
Query: Reflect on all events involving Benjamin Green. Provide a list of all dates when these events occurred, without describing the events.",14,"April 09, 2026.",ok,,0.662
combined_q_idx:73,25,73,"Story spot-the-differences: Compare answers of these two story queries.
A) Think about the events related to flash flood emergency that occurred at Ontario on December 03, 2026. List all protagonists involved in these events, without describing the events themselves.
B) Think about the events related to factory explosion that occurred at Greater Mumbai on April 09, 2026. List all protagonists involved in these events, without describing the events themselves.
Return only_in_A and only_in_B.","{""only_in_A"": [""Ezra Edwards""], ""only_in_B"": [""Scarlett Thomas""]}","A) 
- Zoe Brown

B) 
-",ok,,1.201
combined_q_idx:74,4,74,"Story spot-the-differences: Compare answers of these two story queries.
A) Consider the location Bagmati Province. List all protagonists that have been involved in any events at this location, without mentioning the events themselves.
B) Story match-and-compare: Compare answers of these two story queries and list only shared items.
A) Think about all events that have occurred at Alberta. Provide a list of all dates when these events took place, without describing the events.
B) Story match-and-compare: Compare answers of these two story queries and list only shared items.
A) Recall the various events that have taken place at North Dakota. Describe what happened during these events, focusing on the actions or occurrences rather than the timing or people involved.
B) Think about all events that have occurred at Alberta. Provide a list of all dates when these events took place, without describing the events.
Return the intersection.
Return the intersection.
Return only_in_A and only_in_B.","{""only_in_A"": [""Lillian Mendoza""], ""only_in_B"": []}","To answer the question, we need to compare the results of the two story queries for each pair of questions.

A) Consider the location Bagmati Province. List all protagonists that have been involved in any events at this location, without mentioning the events themselves.
B) Story match-and-compare: Compare answers of these two story queries and list only shared items.
A) Think about all events that",ok,,4.005
combined_q_idx:75,12,75,"Story match-and-compare: Compare answers of these two story queries and list only shared items.
A) Think about what happened at East Java on August 12, 2025. List all protagonists involved in any events at this time and place, without describing the events.
B) Story match-and-compare: Compare answers of these two story queries and list only shared items.
A) Think about what happened at Nairobi County on April 09, 2026. List all protagonists involved in any events at this time and place, without describing the events.
B) Story spot-the-differences: Compare answers of these two story queries.
A) Recall the key events that occurred at Minas Gerais on April 09, 2026. Describe what happened, focusing on the actions or occurrences rather than who was involved.
B) Recall the key events that occurred at Maharashtra on August 12, 2025. Describe what happened, focusing on the actions or occurrences rather than who was involved.
Return only_in_A and only_in_B.
Return the intersection.
Return the intersection.",set(),"To answer the question, we need to compare the answers to the two story queries.

A) Think about what happened at East Java on August 12, 2025. List all protagonists involved in any events at this time and place, without describing the events.
From the retrieved context, we find a mention of a train derailment on June 14, 2025, in Rajasthan, but",ok,,4.09
combined_q_idx:76,16,76,"Story spot-the-difference: Compare the answers to these two story queries and list differences.
A) Recall the events related to flash flood emergency that occurred on December 03, 2026. List all the locations where these events took place, without describing the events themselves.
B) Recall the events related to fishing fleet loss that occurred on June 14, 2025. List all the locations where these events took place, without describing the events themselves.
Return two lists: only_in_A and only_in_B.","{""only_in_A"": [""Ontario""], ""only_in_B"": [""Minas Gerais"", ""Sichuan Province""]}","only_in_A: []
only_in_B: []",ok,,1.105
combined_q_idx:77,11,77,"Story match-and-compare: Compare answers of these two story queries and list only shared items.
A) Reflect on events related to air quality emergency. Provide a list of all protagonists involved in these events, without describing the events.
B) Story spot-the-differences: Compare answers of these two story queries.
A) Recall all events related to air quality emergency. Provide a list of all dates when these events occurred, without describing the events.
B) Reflect on events related to magnitude 9.0 earthquake. Provide a list of all protagonists involved in these events, without describing the events.
Return only_in_A and only_in_B.
Return the intersection.",set(),"To answer the question, we need to evaluate the two story queries and compare their answers.

A) Reflect on events related to air quality emergency. Provide a list of all protagonists involved in these events, without describing the events.
- From Chapter 18, Paragraph 123: No protagonists mentioned.
- From Chapter 13, Paragraph 93: No protagonists mentioned.
- From Chapter 21, Paragraph",ok,,4.054
combined_q_idx:78,24,78,"Story composite task: Use two story queries.
A) Recall what happened involving Zoe Brown at Luzon Region on December 26, 2026. Describe the key events or activities that occurred, focusing on what happened.
B) Story stateful-processing: For this story query, return only the latest chapter index from supporting chapters.
Query: Recall what happened involving Chloe Castillo at Nairobi County on April 09, 2026. Describe the key events or activities that occurred, focusing on what happened.
Take answer(A), remove all items that also appear in answer(B), then return the remaining items sorted alphabetically.","[""factory explosion""]","A) There is no information about Zoe Brown in the retrieved context. However, there is information about Zoe Brown in Chapter 49, Paragraph 340. 

B) There is no information about Chloe Castillo in the retrieved context. However, there is information about a catastrophic event at a wind farm in Chapter 13, Paragraph 91.

Since there is no information about Zoe Brown or Chloe Castillo,",ok,,3.879
combined_q_idx:79,0,79,"Story stateful-processing: For this story query, return only the latest chapter index from supporting chapters.
Query: Recall all the events that occurred on December 10, 2026. Without describing the events, list all the unique locations where these events took place.",0,"There is no information about events occurring on December 10, 2026, in the retrieved context.",ok,,1.17
combined_q_idx:80,11,80,"Story composite task: Use two story queries.
A) Reflect on events related to magnitude 9.0 earthquake. Provide a list of all protagonists involved in these events, without describing the events.
B) Consider all events involving opera house fire. List all the locations where these events took place, without mentioning the events themselves.
Take answer(A), remove all items that also appear in answer(B), then return the remaining items sorted alphabetically.","[""Carter Stewart"", ""Levi Rodriguez""]","A) Reflect on events related to magnitude 9.0 earthquake. Provide a list of all protagonists involved in these events, without describing the events.
From the retrieved context, there is no mention of a magnitude 9.0 earthquake. 

B) Consider all events involving opera house fire. List all the locations where these events took place, without mentioning the events themselves.
From the retrieved context,",ok,,4.038
combined_q_idx:81,16,81,"Story recall-and-edit: Start from the answer to this story query: ""Recall the events related to volcanic eruption that occurred on March 23, 2024. List all the locations where these events took place, without describing the events themselves."". Remove ""Buenos Aires Province"" from that answer. Return only the remaining items.",{'Kampong Cham Province'},"There is no information about a volcanic eruption occurring on March 23, 2024.",ok,,1.48
combined_q_idx:82,1,82,"Story compute-on-lists: For this story query answer, sort all returned items in ascending alphabetical order.
Query: Consider all events that happened on August 27, 2024. Provide a list of all protagonists involved in any of these events, without describing the events themselves.",[],"August 27, 2024 is not mentioned in the retrieved context.",ok,,1.181
combined_q_idx:83,25,83,"Story composite task: Use two story queries.
A) Think about the events related to fishing fleet loss that occurred at Kampong Cham Province on April 09, 2026. List all protagonists involved in these events, without describing the events themselves.
B) Think about the events related to political assassination that occurred at Maharashtra on August 12, 2025. List all protagonists involved in these events, without describing the events themselves.
Take answer(A), remove all items that also appear in answer(B), then return the remaining items sorted alphabetically.",[],"A) There is no information about a fishing fleet loss at Kampong Cham Province on April 09, 2026. However, based on the context, we can infer that there is no mention of this event.

B) There is no information about a political assassination at Maharashtra on August 12, 2025.

Since there is no information about the events in question, we will return an",ok,,4.126
combined_q_idx:84,26,84,"Story recall-and-edit: For query ""Consider the events involving both Scarlett Thomas and political assassination on August 12, 2025. List all the locations where these events took place, without describing the events themselves."", return an empty answer.",set(),[],ok,,0.516
combined_q_idx:85,23,85,"Story composite task: Use two story queries.
A) Reflect on the experiences of Benjamin Green related to volcanic eruption. List all the unique locations where these events took place, without mentioning the events themselves.
B) Consider all events involving both Brooklyn Ross and police force strike. Provide a list of all dates when these events occurred, without describing the events.
Take answer(A), remove all items that also appear in answer(B), then return the remaining items sorted alphabetically.","[""Nairobi County""]","A) 
Locations where Benjamin Green witnessed volcanic eruptions:
1. Dodoma Region
2. Williston

B) 
Dates when Brooklyn Ross and police force strike events occurred:
1. April 09, 2026

Removing common items from A and B, and returning the remaining items sorted alphabetically:
1. Williston",ok,,3.604
combined_q_idx:86,24,86,"Story composite task: Use two story queries.
A) Recall what happened involving Carter Stewart at Vermont on August 27, 2024. Describe the key events or activities that occurred, focusing on what happened.
B) Recall what happened involving Noah Williams at Kampong Cham Province on April 09, 2026. Describe the key events or activities that occurred, focusing on what happened.
Take answer(A), remove all items that also appear in answer(B), then return the remaining items sorted alphabetically.",[],"A) 
Carter Stewart, a local journalist, was drawn into the heart of the chaos as the official tallies began to unravel on election night. His hands trembled as he snapped photos discreetly on his phone, the images capturing the anxious faces of the counters and the hastily rewritten notes on the tally sheets.

B) 
No evidence of Noah Williams at Kampong Cham Province on April",ok,,4.078
combined_q_idx:87,29,87,"Provide a comprehensive account of what happened involving Chloe Castillo and wind farm destruction at Nairobi County on April 09, 2026. Include all relevant details about the event(s), including what occurred and any other pertinent information.",set(),"There is no information about Chloe Castillo and wind farm destruction at Nairobi County on April 09, 2026.",ok,,1.629
combined_q_idx:88,25,88,"Story compute-on-lists: For this story query answer, sort all returned items in ascending alphabetical order.
Query: Think about the events related to factory explosion that occurred at Luzon Region on December 26, 2026. List all protagonists involved in these events, without describing the events themselves.","[""Zoe Brown""]",Zoe Brown,ok,,0.672
combined_q_idx:89,21,89,"Think about the events involving residential tower fire at Buenos Aires Province. List all protagonists involved in these events, without mentioning the events themselves.",{'Lillian Mendoza'},"Lillian Mendoza, Chloe,",ok,,1.044
combined_q_idx:90,10,90,"Story match-and-compare: Compare answers of these two story queries and list only shared items.
A) Consider all events involving opera house fire. List all the locations where these events took place, without mentioning the events themselves.
B) Reflect on events related to airport shutdown. Provide a list of all protagonists involved in these events, without describing the events.
Return the intersection.",set(),"Greater Mumbai, Dodoma Region",ok,,0.873
combined_q_idx:91,10,91,"Story spot-the-difference: Compare the answers to these two story queries and list differences.
A) Consider all events involving political assassination. List all the locations where these events took place, without mentioning the events themselves.
B) Reflect on the experiences of Benjamin Green related to volcanic eruption. List all the unique locations where these events took place, without mentioning the events themselves.
Return two lists: only_in_A and only_in_B.","{""only_in_A"": [""Maharashtra""], ""only_in_B"": [""Nairobi County""]}","only_in_A = []
only_in_B = ['April 09, 2026']",ok,,1.394
combined_q_idx:92,12,92,"Story spot-the-differences: Compare answers of these two story queries.
A) Think about what happened at Vermont on August 27, 2024. List all protagonists involved in any events at this time and place, without describing the events.
B) Recall the key events that occurred at Maharashtra on August 12, 2025. Describe what happened, focusing on the actions or occurrences rather than who was involved.
Return only_in_A and only_in_B.","{""only_in_A"": [], ""only_in_B"": []}","A) Think about what happened at Vermont on August 27, 2024. List all protagonists involved in any events at this time and place, without describing the events.
- No events found at Vermont on August 27, 2024.

B) Recall the key events that occurred at Maharashtra on August 12, 2025. Describe what happened, focusing on the actions or occurrences rather",ok,,4.14
combined_q_idx:93,26,93,"Story compute-on-lists: For this story query answer, sort all returned items in ascending alphabetical order.
Query: Consider the events involving both Ezra Edwards and flash flood emergency on December 03, 2026. List all the locations where these events took place, without describing the events themselves.","[""Ontario""]",Luang Prabang Province,ok,,0.821
combined_q_idx:94,3,94,"Story recall-and-edit: Start from the answer to this story query: ""Think about all events that have occurred at Maine. Provide a list of all dates when these events took place, without describing the events."". Remove ""January 03, 2026"" from the answer. Return only the remaining items.",set(),"October 13, 2024, 
November 13, 2026, 
February 27, 2026, 
June 14, 2025",ok,,2.055
combined_q_idx:95,18,95,"Story spot-the-differences: Compare answers of these two story queries.
A) Consider all events involving Henry Reed at Buenos Aires Province. Provide a list of all dates when these events occurred, without describing the events.
B) Reflect on Samuel Parker's experiences at Auckland Region. Describe all the key events they've been involved in at this location, focusing on what happened rather than when it occurred.
Return only_in_A and only_in_B.","{""only_in_A"": [""March 23, 2024""], ""only_in_B"": []}","A) 
September 13, 2025

B) 
Samuel Parker witnessed a bridge surrendering to its own weakness, with panicked voices erupting nearby, strangers shouting and sprinting away as the dust settled.",ok,,2.565
combined_q_idx:96,16,96,"Story compute-on-lists: For this story query answer, sort all returned items in ascending alphabetical order.
Query: Recall the events related to reservoir breach that occurred on August 12, 2025. List all the locations where these events took place, without describing the events themselves.",[],"There is no information about a reservoir breach that occurred on August 12, 2025.",ok,,1.225
combined_q_idx:97,19,97,"Story match-and-compare: Compare answers of these two story queries and list only shared items.
A) Reflect on Samuel Parker's experiences at Auckland Region. Describe all the key events they've been involved in at this location, focusing on what happened rather than when it occurred.
B) Consider all events involving Henry Reed at Antioquia Department. Provide a list of all dates when these events occurred, without describing the events.
Return the intersection.",set(),"There is no mention of Auckland Region in the context, and there is no mention of Henry Reed in the context. However, there is a mention of Samuel Parker and Julian Ross.

Since there is no intersection to return, I will return a minimal answer: 

None",ok,,2.856
combined_q_idx:98,28,98,"Recall what happened involving Jaxon Howard and reservoir breach at East Java on August 12, 2025 and list only who else was involved (if anyone).",set(),"There is no information in the retrieved context about Jaxon Howard, a reservoir breach at East Java on August 12, 2025.",ok,,1.708
combined_q_idx:99,20,99,"Story stateful-processing: For this story query, return only the latest chapter index from supporting chapters.
Query: Recall all events related to bridge collapse that occurred at Amman Governorate. Provide a list of all dates when these events took place, without describing the events.",0,There is no information about the Amman Governorate in the provided context.,ok,,1.268
combined_q_idx:100,20,100,"Story spot-the-difference: Compare the answers to these two story queries and list differences.
A) Recall all events related to bridge collapse that occurred at Buenos Aires Province. Provide a list of all dates when these events took place, without describing the events.
B) Reflect on what Scarlett Thomas experienced on April 09, 2026. Describe all the key events they were involved in, focusing on what happened rather than where it occurred.
Return two lists: only_in_A and only_in_B.","{""only_in_A"": [""January 03, 2026""], ""only_in_B"": [""factory explosion""]}","only_in_A = [January 03, 2026, February 27, 2026]
only_in_B = []",ok,,1.915
combined_q_idx:101,35,101,"Enumerate all activities that Chloe Castillo has been involved in, ordered from earliest to latest in the story's chronology.","['vote counting disruption', 'residential tower fire']","FINAL ANSWER: 

There is insufficient context to answer the question.",ok,,0.825
combined_q_idx:102,5,102,"Story recall-and-edit: Start from the answer to this story query: ""Recall the various events that have taken place at Kampong Cham Province. Describe what happened during these events, focusing on the actions or occurrences rather than the timing or people involved."". Remove ""nuclear plant meltdown"" from the answer. Return only the remaining items.","{'tuberculosis outbreak', 'volcanic eruption'}","The events that have taken place at Kampong Cham Province include:

- A volcano eruption, where lava fountains erupted from a fissure on the northern slopes, spewing rivers of molten rock and ash into the air, and the ground shuddered violently.
- A factory explosion, where the structure erupted in a fiery collapse, and the person who witnessed it shared crucial details with local authorities.",ok,,4.102
combined_q_idx:103,0,103,"Recall all the events that occurred on March 23, 2025. Without describing the events, list all the unique locations where these events took place.",{'Rajasthan'},[],ok,,0.425
combined_q_idx:104,27,104,"Story compute-on-lists: For this story query answer, sort all returned items in ascending alphabetical order.
Query: Consider all events involving both Henry Reed and residential tower fire at Antioquia Department. Provide a list of all dates when these events occurred, without describing the events.","[""November 13, 2026""]","October 13, 2024, 
September 13, 2025, 
April 09, 2026",ok,,1.753
combined_q_idx:105,24,105,"Story spot-the-difference: Compare the answers to these two story queries and list differences.
A) Recall what happened involving Lily Nguyen at Minas Gerais on April 09, 2026. Describe the key events or activities that occurred, focusing on what happened.
B) Think about the events involving factory explosion on December 26, 2026. Provide a list of all protagonists involved in these events, without describing the events.
Return two lists: only_in_A and only_in_B.","{""only_in_A"": [""residential tower fire""], ""only_in_B"": [""Levi Rodriguez"", ""Zoe Brown""]}","only_in_A: 
[]

only_in_B: 
['Zoe Brown']",ok,,1.596
combined_q_idx:106,1,106,"Story composite task: Use two story queries.
A) Consider all events that happened on August 12, 2025. Provide a list of all protagonists involved in any of these events, without describing the events themselves.
B) Story compute-on-lists: For this story query answer, sort all returned items in ascending alphabetical order.
Query: Consider all events that happened on January 26, 2025. Provide a list of all protagonists involved in any of these events, without describing the events themselves.
Take answer(A), remove all items that also appear in answer(B), then return the remaining items sorted alphabetically.",[],"A) Consider all events that happened on August 12, 2025. Provide a list of all protagonists involved in any of these events, without describing the events themselves.

No events occurred on August 12, 2025. 

B) Story compute-on-lists: For this story query answer, sort all returned items in ascending alphabetical order.
Query: Consider all events that happened on January",ok,,3.923
combined_q_idx:107,17,107,"Story stateful-processing: For this story query, return only the latest chapter index from supporting chapters.
Query: Think about the events involving factory explosion on December 26, 2026. Provide a list of all protagonists involved in these events, without describing the events.",49,[48],ok,,0.463
combined_q_idx:108,19,108,"Reflect on Sofia Ramos's experiences at Andalusia. Describe all the key events they've been involved in at this location, focusing on what happened rather than when it occurred.",set(),There is no mention of Sofia Ramos in the retrieved context.,ok,,1.156
combined_q_idx:109,25,109,"Story match-and-compare: Compare answers of these two story queries and list only shared items.
A) Think about the events related to reservoir breach that occurred at East Java on August 12, 2025. List all protagonists involved in these events, without describing the events themselves.
B) Think about the events related to political assassination that occurred at Maharashtra on August 12, 2025. List all protagonists involved in these events, without describing the events themselves.
Return the intersection.",set(),"There is no information about reservoir breach or political assassination in the retrieved context. 

However, based on the context, I can provide a minimal answer for each query:

A) Think about the events related to reservoir breach that occurred at East Java on August 12, 2025. List all protagonists involved in these events, without describing the events themselves.
No answer available.

B) Think about the",ok,,3.903
combined_q_idx:110,24,110,"Story composite task: Use two story queries.
A) Recall what happened involving Scarlett Thomas at Maharashtra on August 12, 2025. Describe the key events or activities that occurred, focusing on what happened.
B) Recall what happened involving Jaxon Howard at East Java on August 12, 2025. Describe the key events or activities that occurred, focusing on what happened.
Take answer(A), remove all items that also appear in answer(B), then return the remaining items sorted alphabetically.",[],"A) Recall what happened involving Scarlett Thomas at Maharashtra on August 12, 2025. Describe the key events or activities that occurred, focusing on what happened.
From the retrieved context, we find that Scarlett Thomas witnessed a political assassination at Maharashtra on June 14, 2025, not August 12, 2025. However, we can infer that the context does not provide information about",ok,,3.901
combined_q_idx:111,8,111,"Story compute-on-lists: For this story query answer, sort all returned items in ascending alphabetical order.
Query: Think about Brooklyn Ross's experiences. Describe all the key events they've been involved in, focusing on what happened rather than when or where it occurred.","[""police force strike""]","geological anomalies, residential tower fire, tuberculosis outbreak, wind farm destruction",ok,,1.01
combined_q_idx:112,26,112,"Story stateful-processing: For this story query, return only the latest chapter index from supporting chapters.
Query: Consider the events involving both Scarlett Thomas and factory explosion on April 09, 2026. List all the locations where these events took place, without describing the events themselves.",46,"[Chapter 49, Paragraph 340]
 Maharashtra 
Split-Dalmatia County",ok,,1.331
combined_q_idx:113,25,113,"Story stateful-processing: For this story query, return only the latest chapter index from supporting chapters.
Query: Think about the events related to volcanic eruption that occurred at Nairobi County on April 09, 2026. List all protagonists involved in these events, without describing the events themselves.",14,"[Chapter 52, Paragraph 353]
[Chapter 53, Paragraph 362]
[Chapter 55, Paragraph 374]

Protagonists involved in the events related to volcanic eruption at Nairobi County on April 09, 2026:
- 
-",ok,,2.949
combined_q_idx:114,12,114,"Story match-and-compare: Compare answers of these two story queries and list only shared items.
A) Think about what happened at Nairobi County on April 09, 2026. List all protagonists involved in any events at this time and place, without describing the events.
B) Story spot-the-differences: Compare answers of these two story queries.
A) Recall the key events that occurred at Minas Gerais on April 09, 2026. Describe what happened, focusing on the actions or occurrences rather than who was involved.
B) Recall the key events that occurred at Maharashtra on August 12, 2025. Describe what happened, focusing on the actions or occurrences rather than who was involved.
Return only_in_A and only_in_B.
Return the intersection.",set(),"Based on the retrieved context, I will evaluate the episodic memory QA queries.

A) Think about what happened at Nairobi County on April 09, 2026. List all protagonists involved in any events at this time and place, without describing the events.
Retrieved context does not contain information about Nairobi County on April 09, 2026. However, it does contain information about Nairobi County",ok,,4.149
combined_q_idx:115,29,115,"Provide a comprehensive account of what happened involving Scarlett Thomas and political assassination at Maharashtra on August 12, 2025. Include all relevant details about the event(s), including what occurred and any other pertinent information.",set(),"There is insufficient evidence in the retrieved context to provide a comprehensive account of what happened involving Scarlett Thomas and a political assassination at Maharashtra on August 12, 2025.",ok,,2.021
combined_q_idx:116,8,116,"Story recall-and-edit: Start from the answer to this story query: ""Think about Lillian Mendoza's experiences. Describe all the key events they've been involved in, focusing on what happened rather than when or where it occurred."". Remove ""produce contamination outbreak"" from that answer. Return only the remaining items.",{'residential tower fire'},Witnessed a factory explosion.,ok,,0.646
combined_q_idx:117,25,117,"Story composite task: Use two story queries.
A) Think about the events related to residential tower fire that occurred at Minas Gerais on April 09, 2026. List all protagonists involved in these events, without describing the events themselves.
B) Story stateful-processing: For this story query, return only the latest chapter index from supporting chapters.
Query: Think about the events related to water supply contamination that occurred at Minas Gerais on April 09, 2026. List all protagonists involved in these events, without describing the events themselves.
Take answer(A), remove all items that also appear in answer(B), then return the remaining items sorted alphabetically.","[""Lily Nguyen""]","A) Think about the events related to residential tower fire that occurred at Minas Gerais on April 09, 2026. List all protagonists involved in these events, without describing the events themselves.

From the retrieved context, we can see that there is no information about the residential tower fire at Minas Gerais on April 09, 2026. However, we can provide a minimal",ok,,3.704
combined_q_idx:118,14,118,"Story match-and-compare: Compare answers of these two story queries and list only shared items.
A) Consider the events involving Scarlett Thomas on April 09, 2026. List all the locations where these events took place, without describing the events themselves.
B) Story recall-and-edit: For query ""Consider the events involving Chloe Castillo on April 09, 2026. List all the locations where these events took place, without describing the events themselves."", return an empty answer.
Return the intersection.",set(),"A) Locations where events involving Scarlett Thomas on April 09, 2026 took place: 
- Maharashtra

B) Locations where events involving Chloe Castillo on April 09, 2026 took place: 
- (empty answer)

Intersection: 
- Maharashtra",ok,,2.928
combined_q_idx:119,15,119,"Story recall-and-edit: For query ""Reflect on what Scarlett Thomas experienced on August 12, 2025. Describe all the key events they were involved in, focusing on what happened rather than where it occurred."", return an empty answer.",set(),[],ok,,0.51
combined_q_idx:120,14,120,"Story recall-and-edit: For query ""Consider the events involving Chloe Castillo on April 09, 2026. List all the locations where these events took place, without describing the events themselves."", return an empty answer.",set(),[],ok,,0.528
combined_q_idx:121,4,121,"Story compute-on-lists: For this story query answer, sort all returned items in ascending alphabetical order.
Query: Consider the location Sichuan Province. List all protagonists that have been involved in any events at this location, without mentioning the events themselves.","[""Levi Rodriguez"", ""Noah Williams""]","Julian Ross, Samuel Parker",ok,,0.727
combined_q_idx:122,22,122,"Consider all events involving both Carter Stewart and tram collision. Provide a list of all dates when these events occurred, without describing the events.",set(),[],ok,,0.634
combined_q_idx:123,2,123,"Story stateful-processing: For this story query, return only the latest chapter index from supporting chapters.
Query: Reflect on January 24, 2025. Describe all the key events that occurred on this date, focusing on what happened rather than who was involved or where it took place.",0,"There is no information about January 24, 2025, in the retrieved context.",ok,,1.029
combined_q_idx:124,24,124,"Recall what happened involving Noah Williams at Kampong Cham Province on April 09, 2026. Describe the key events or activities that occurred, focusing on what happened.",set(),"There is no information about Noah Williams at Kampong Cham Province on April 09, 2026.",ok,,1.538
combined_q_idx:125,27,125,"Story compute-on-lists: For this story query answer, sort all returned items in ascending alphabetical order.
Query: Consider all events involving both Lillian Mendoza and produce contamination outbreak at Bagmati Province. Provide a list of all dates when these events occurred, without describing the events.","[""November 13, 2026""]","May 07, 2024.",ok,,0.813
combined_q_idx:126,12,126,"Story spot-the-differences: Compare answers of these two story queries.
A) Think about what happened at Minas Gerais on April 09, 2026. List all protagonists involved in any events at this time and place, without describing the events.
B) Story recall-and-edit: Start from the answer to this story query: ""Recall the key events that occurred at Greater Mumbai on April 09, 2026. Describe what happened, focusing on the actions or occurrences rather than who was involved."". Remove ""factory explosion"" from the answer. Return only the remaining items.
Return only_in_A and only_in_B.","{""only_in_A"": [""Lily Nguyen""], ""only_in_B"": []}","A) 
- Zoe Brown

B) 
- The fire’s intensity quickly drew crowds, but the chaos was overwhelming for many.",ok,,1.834
combined_q_idx:127,21,127,"Story recall-and-edit: For query ""Think about the events involving flash flood emergency at Auckland Region. List all protagonists involved in these events, without mentioning the events themselves."", return an empty answer.",set(),[],ok,,0.563
combined_q_idx:128,29,128,"Provide a comprehensive account of what happened involving Ezra Edwards and flash flood emergency at Ontario on December 03, 2026. Include all relevant details about the event(s), including what occurred and any other pertinent information.",{'Full chapter 24'},"[Chapter 24, Paragraph 166]
(i) On December 03, 2026, in Ontario, Ezra Edwards was among the first to notice the sudden darkening of the sky as heavy rain lashed the usually tranquil streets near the riverbanks. The air grew thick with the scent of wet earth and the sound of rushing wind, as puddles formed rapidly on the sidewalk where he stood",ok,,4.01
combined_q_idx:129,10,129,"Story compute-on-lists: For this story query answer, sort all returned items in ascending alphabetical order.
Query: Consider all events involving police force strike. List all the locations where these events took place, without mentioning the events themselves.","[""Greater Mumbai"", ""New South Wales"", ""Vermont""]","October 13, 2024, 
wind farm in",ok,,1.003
combined_q_idx:130,13,130,"Recall the key events that occurred at Maharashtra on August 12, 2025. Describe what happened, focusing on the actions or occurrences rather than who was involved.",set(),"No information is available about events that occurred at Maharashtra on August 12, 2025.",ok,,1.296
combined_q_idx:131,6,131,"Reflect on all events involving Zoe Brown. Provide a list of all dates when these events occurred, without describing the events.","{'October 12, 2024', 'November 13, 2026', 'January 26, 2025', 'March 23, 2024', 'June 14, 2025', 'May 07, 2024', 'December 26, 2026'}","January 26, 2025
December 26, 2026",ok,,1.255
combined_q_idx:132,29,132,"Provide a comprehensive account of what happened involving Lily Nguyen and water supply contamination at Minas Gerais on April 09, 2026. Include all relevant details about the event(s), including what occurred and any other pertinent information.",set(),"There is no information about Lily Nguyen and water supply contamination at Minas Gerais on April 09, 2026.",ok,,1.67
combined_q_idx:133,27,133,"Consider all events involving both Ella Ross and airport shutdown at Alberta. Provide a list of all dates when these events occurred, without describing the events.",set(),No events involving both Ella Ross and an airport shutdown at Alberta were found in the retrieved context.,ok,,1.376
combined_q_idx:134,24,134,"Story stateful-processing: For this story query, return only the latest chapter index from supporting chapters.
Query: Recall what happened involving Chloe Castillo at Nairobi County on April 09, 2026. Describe the key events or activities that occurred, focusing on what happened.",0,There is no mention of Chloe Castillo in the retrieved context.,ok,,0.976
combined_q_idx:135,1,135,"Story match-and-compare: Compare answers of these two story queries and list only shared items.
A) Consider all events that happened on January 22, 2025. Provide a list of all protagonists involved in any of these events, without describing the events themselves.
B) Recall all the events that occurred on May 07, 2024. Without describing the events, list all the unique locations where these events took place.
Return the intersection.",set(),"Based on the retrieved context, there is no information about events that happened on January 22, 2025, or May 07, 2024. 

However, since the question asks for the intersection of the shared items, the answer is:

[]",ok,,2.657
combined_q_idx:136,9,136,"Story recall-and-edit: Start from the answer to this story query: ""Recall all events related to bridge collapse. Provide a list of all dates when these events occurred, without describing the events."". Remove ""February 27, 2026"" from that answer. Return only the remaining items.","{'September 13, 2025', 'October 12, 2024', 'September 27, 2025', 'January 03, 2026'}","January 03, 2026, 
October 13, 2024",ok,,1.178
combined_q_idx:137,21,137,"Story stateful-processing: For this story query, return only the latest chapter index from supporting chapters.
Query: Think about the events involving bridge collapse at Buenos Aires Province. List all protagonists involved in these events, without mentioning the events themselves.",30,"Based on the retrieved context, there is no information about the events involving bridge collapse at Buenos Aires Province or the protagonists involved.",ok,,1.305
combined_q_idx:138,22,138,"Consider all events involving both Brooklyn Ross and police force strike. Provide a list of all dates when these events occurred, without describing the events.","{'October 13, 2024'}","October 13, 2024",ok,,0.87
combined_q_idx:139,27,139,"Consider all events involving both Samuel Parker and flash flood emergency at Auckland Region. Provide a list of all dates when these events occurred, without describing the events.",set(),There is no information about Samuel Parker witnessing a flash flood emergency in Auckland Region.,ok,,1.34
combined_q_idx:140,15,140,"Story match-and-compare: Compare answers of these two story queries and list only shared items.
A) Reflect on what Ezra Edwards experienced on December 03, 2026. Describe all the key events they were involved in, focusing on what happened rather than where it occurred.
B) Story recall-and-edit: For query ""Consider the events involving Chloe Castillo on April 09, 2026. List all the locations where these events took place, without describing the events themselves."", return an empty answer.
Return the intersection.",set(),"Based on the retrieved context, there is no information about Ezra Edwards or the events involving Ezra Edwards on December 03, 2026. 

For query B, the answer is empty as instructed.

Since there is no intersection to return, the final answer is: 

[]",ok,,2.886
combined_q_idx:141,26,141,"Story recall-and-edit: Start from the answer to this story query: ""Consider the events involving both Lily Nguyen and residential tower fire on April 09, 2026. List all the locations where these events took place, without describing the events themselves."". Remove ""Minas Gerais"" from the answer. Return only the remaining items.",set(),"Buenos Aires Province,",ok,,1.01
combined_q_idx:142,12,142,"Story compute-on-lists: For this story query answer, sort all returned items in ascending alphabetical order.
Query: Think about what happened at Vermont on December 03, 2026. List all protagonists involved in any events at this time and place, without describing the events.",[],"Julian Ross, Zoe Brown",ok,,0.745
combined_q_idx:143,24,143,"Story recall-and-edit: Start from the answer to this story query: ""Recall what happened involving Benjamin Green at Nairobi County on April 09, 2026. Describe the key events or activities that occurred, focusing on what happened."". Remove ""volcanic eruption"" from the answer. Return only the remaining items.",set(),"The air grew thick, heavy, and oddly silent except for the relentless crackle of the volcano.",ok,,1.559
combined_q_idx:144,18,144,"Story compute-on-lists: For this story query answer, sort all returned items in ascending alphabetical order.
Query: Consider all events involving Henry Reed at Antioquia Department. Provide a list of all dates when these events occurred, without describing the events.","[""November 13, 2026""]","October 13, 2024.",ok,,0.763
combined_q_idx:145,23,145,"Story recall-and-edit: Start from the answer to this story query: ""Reflect on the experiences of Levi Rodriguez related to train derailment. List all the unique locations where these events took place, without mentioning the events themselves."". Remove ""Rajasthan"" from that answer. Return only the remaining items.",{'Sichuan Province'},"near,",ok,,0.647
combined_q_idx:146,0,146,"Story spot-the-differences: Compare answers of these two story queries.
A) Recall all the events that occurred on May 07, 2024. Without describing the events, list all the unique locations where these events took place.
B) Story compute-on-lists: For this story query answer, sort all returned items in ascending alphabetical order.
Query: Consider all events that happened on January 26, 2025. Provide a list of all protagonists involved in any of these events, without describing the events themselves.
Return only_in_A and only_in_B.","{""only_in_A"": [""Tuscany""], ""only_in_B"": [""Zoe Brown""]}","A) 
- No events occurred on May 07, 2024.

B) 
- Zoe Brown",ok,,1.462
combined_q_idx:147,15,147,"Story stateful-processing: For this story query, return only the latest chapter index from supporting chapters.
Query: Reflect on what Jaxon Howard experienced on August 12, 2025. Describe all the key events they were involved in, focusing on what happened rather than where it occurred.",0,52,ok,,0.318
combined_q_idx:148,25,148,"Story spot-the-differences: Compare answers of these two story queries.
A) Think about the events related to wind farm destruction that occurred at Nairobi County on April 09, 2026. List all protagonists involved in these events, without describing the events themselves.
B) Story composite task: Use two story queries.
A) Think about the events related to fishing fleet loss that occurred at Kampong Cham Province on April 09, 2026. List all protagonists involved in these events, without describing the events themselves.
B) Think about the events related to political assassination that occurred at Maharashtra on August 12, 2025. List all protagonists involved in these events, without describing the events themselves.
Take answer(A), remove all items that also appear in answer(B), then return the remaining items sorted alphabetically.
Return only_in_A and only_in_B.","{""only_in_A"": [], ""only_in_B"": []}","To solve this problem, we need to first find the answers to the two story queries.

A) Think about the events related to wind farm destruction that occurred at Nairobi County on April 09, 2026. List all protagonists involved in these events, without describing the events themselves.
From the retrieved context, we can see that there is no information about wind farm destruction at Nairobi County on April",ok,,3.793
combined_q_idx:149,27,149,"Story spot-the-differences: Compare answers of these two story queries.
A) Consider all events involving both Henry Reed and volcanic eruption at Buenos Aires Province. Provide a list of all dates when these events occurred, without describing the events.
B) Consider all events involving both Carter Stewart and bridge collapse at Buenos Aires Province. Provide a list of all dates when these events occurred, without describing the events.
Return only_in_A and only_in_B.","{""only_in_A"": [""March 23, 2024""], ""only_in_B"": [""January 03, 2026""]}","A) January 03, 2026

B)",ok,,1.173
